251;606;473;2011-04-23;830;Awaiting Fulfillment
78;324;1;2019-10-08;467;Shipped
212;155;641;1971-01-21;1150;Declined
712;382;58;1987-09-22;590;Awaiting Pickup
771;298;780;1978-05-22;813;Awaiting Shipment
663;573;419;2013-02-03;30;Pending
241;248;534;1978-08-30;695;Refunded
198;4;710;1991-08-07;785;Declined
767;566;330;1999-08-31;1605;Shipped
391;944;129;1974-08-02;1522;Awaiting Pickup
649;709;709;1999-12-31;1146;Completed
108;425;401;2020-05-31;1493;Refunded
728;329;23;1988-06-15;1096;Refunded
167;437;422;1977-12-11;596;Cancelled
822;156;78;1983-12-01;102;Awaiting Payment
49;484;418;2015-03-23;1010;Declined
532;79;514;2001-11-13;1418;Awaiting Pickup
423;982;642;1983-06-16;1336;Awaiting Pickup
309;236;33;1995-03-29;964;Pending
740;955;579;1998-01-14;1768;Awaiting Payment
366;757;396;2023-03-17;944;Awaiting Shipment
144;811;342;2023-09-30;161;Awaiting Shipment
412;793;245;1994-08-05;1525;Shipped
566;258;536;2019-10-01;673;Pending
494;364;780;1985-10-03;1644;Completed
609;87;734;2015-10-31;1614;Completed
613;823;588;2023-09-02;1330;Awaiting Fulfillment
228;599;858;2013-03-30;355;Pending
248;230;571;2015-06-12;1717;Refunded
486;369;408;1995-03-04;934;Refunded
256;613;302;2014-11-18;763;Cancelled
495;190;113;2010-12-05;993;Refunded
468;220;281;2015-11-25;1791;Pending
120;675;262;1980-02-23;1923;Shipped
451;263;805;1971-12-09;1035;Awaiting Payment
796;935;967;2000-03-23;726;Declined
610;720;945;2021-08-17;841;Shipped
416;407;612;1981-07-31;1030;Cancelled
921;770;299;2011-02-18;183;Awaiting Fulfillment
196;600;480;1977-11-17;395;Awaiting Payment
472;413;712;2014-04-23;1479;Shipped
737;493;656;1976-10-03;503;Awaiting Payment
89;365;197;1999-06-04;917;Awaiting Shipment
419;755;422;2018-12-10;1700;Cancelled
640;628;431;1990-01-29;680;Pending
454;850;809;2000-07-13;1366;Awaiting Pickup
274;5;410;2020-01-06;1598;Pending
918;817;114;2009-11-07;1126;Pending
658;9;221;1987-07-31;367;Cancelled
871;21;686;1993-04-11;767;Cancelled
498;750;890;1986-12-25;1210;Declined
975;252;879;2009-08-23;518;Shipped
885;603;449;2001-08-25;1127;Refunded
508;52;11;1973-09-01;538;Completed
384;77;355;1988-10-23;1426;Cancelled
83;824;854;2002-03-27;1969;Awaiting Fulfillment
358;576;476;1995-10-03;1844;Pending
575;226;300;1986-05-26;1266;Awaiting Fulfillment
212;83;245;1994-12-24;1297;Pending
344;257;749;1995-05-07;1912;Declined
962;77;55;2018-09-18;815;Awaiting Payment
227;113;816;2003-07-27;1074;Cancelled
365;176;750;2017-09-30;960;Completed
419;333;928;1989-07-07;1691;Awaiting Payment
405;597;868;1987-08-21;807;Completed
242;992;734;1983-01-07;39;Declined
641;126;726;1975-12-15;1153;Awaiting Fulfillment
467;551;199;1994-02-08;45;Shipped
597;948;42;2008-07-07;966;Awaiting Shipment
553;957;968;1974-10-15;662;Pending
692;842;337;1982-04-09;1029;Pending
191;361;339;2000-08-24;104;Cancelled
722;411;481;1980-02-27;1984;Shipped
21;388;574;1986-09-11;205;Cancelled
225;396;334;1987-07-12;1092;Declined
167;595;77;1999-04-14;481;Awaiting Pickup
667;891;736;2013-02-08;486;Awaiting Payment
96;58;960;2011-12-20;1325;Pending
317;961;263;1990-11-08;538;Awaiting Pickup
856;134;220;1990-06-07;84;Awaiting Payment
119;843;299;2016-11-18;1056;Awaiting Payment
602;98;121;1991-05-20;1693;Shipped
109;377;746;1986-07-22;1129;Awaiting Pickup
375;357;868;2006-08-15;1951;Refunded
433;2;734;2000-06-22;1263;Shipped
171;183;419;1990-08-16;1638;Refunded
639;507;137;2019-07-09;1981;Awaiting Shipment
339;145;87;2001-11-18;25;Awaiting Shipment
790;328;636;1987-02-12;1069;Awaiting Payment
394;603;810;1980-01-03;1910;Pending
458;511;856;1990-10-26;1962;Awaiting Payment
607;956;457;1998-02-21;1024;Pending
988;798;14;2013-05-01;1183;Awaiting Shipment
62;155;967;1983-03-13;1895;Completed
792;95;670;2005-01-12;256;Completed
63;860;99;1987-08-27;1605;Shipped
807;265;450;2021-09-07;1697;Declined
100;58;575;1972-02-05;684;Completed
874;874;455;1975-06-07;1093;Awaiting Fulfillment
437;490;548;2010-08-21;1953;Shipped
963;986;360;2017-08-10;209;Shipped
693;856;958;1980-03-24;568;Awaiting Payment
178;291;372;2023-07-18;234;Pending
444;166;158;1983-05-17;482;Awaiting Fulfillment
791;661;672;1996-10-03;238;Awaiting Pickup
692;297;437;2004-11-30;569;Awaiting Payment
979;150;108;2002-08-01;495;Awaiting Fulfillment
984;867;159;1996-12-16;397;Awaiting Fulfillment
565;11;804;2009-01-24;1311;Refunded
753;948;458;2015-04-15;538;Awaiting Pickup
555;209;98;1997-11-29;1409;Awaiting Shipment
93;352;266;1982-09-05;789;Completed
811;571;314;1976-02-24;1327;Refunded
950;995;804;2019-07-29;688;Awaiting Shipment
207;728;579;1971-08-31;1369;Refunded
12;419;114;2016-09-22;1646;Shipped
38;918;993;1983-06-20;1524;Refunded
361;579;69;2008-08-30;745;Pending
12;685;628;1984-04-25;383;Awaiting Payment
376;904;857;1973-11-02;1667;Pending
318;887;947;2019-12-04;784;Declined
833;211;207;2022-08-21;644;Shipped
684;521;673;2020-07-22;711;Awaiting Pickup
968;141;904;1999-10-28;1970;Declined
309;306;37;2004-09-19;145;Cancelled
407;684;611;1993-01-02;1373;Refunded
619;820;697;1987-12-08;1266;Awaiting Fulfillment
100;913;746;1975-07-01;520;Completed
709;773;128;1978-02-21;1835;Shipped
758;564;183;2016-06-20;1116;Refunded
273;468;67;1986-06-18;449;Completed
432;184;699;2000-12-04;1234;Awaiting Shipment
110;664;820;1972-01-01;480;Shipped
154;316;420;1997-03-14;1964;Awaiting Pickup
712;829;273;1990-09-02;1240;Completed
933;633;587;2021-10-08;1978;Awaiting Shipment
629;676;488;2010-09-01;1450;Completed
462;255;147;1978-03-28;930;Awaiting Fulfillment
15;737;915;2021-10-22;108;Awaiting Shipment
138;744;408;1981-04-11;1953;Shipped
679;473;503;2016-09-02;1778;Awaiting Payment
418;511;719;1970-06-16;1756;Awaiting Pickup
859;308;781;1983-02-01;42;Awaiting Payment
380;601;394;1974-06-20;811;Awaiting Shipment
876;477;798;1996-06-07;1118;Pending
292;701;788;1977-12-07;1713;Shipped
445;494;258;1998-01-18;1109;Shipped
283;323;335;2022-04-06;1656;Awaiting Fulfillment
883;243;627;2023-01-12;1163;Awaiting Fulfillment
967;80;701;1988-10-10;1839;Awaiting Fulfillment
620;241;674;2010-12-13;1323;Refunded
223;147;65;1993-04-18;1662;Declined
425;42;540;1971-03-25;1624;Awaiting Shipment
564;508;363;1995-10-20;613;Completed
53;86;889;2016-07-11;376;Cancelled
730;515;423;1990-01-27;884;Refunded
630;162;84;1988-05-10;1880;Awaiting Fulfillment
77;869;219;2006-09-11;1646;Awaiting Fulfillment
540;800;286;1998-08-08;1174;Refunded
203;7;118;2002-05-22;1699;Refunded
568;406;358;1993-08-26;181;Shipped
566;622;791;1990-11-07;1159;Awaiting Fulfillment
497;24;28;2008-08-30;797;Shipped
611;930;141;2009-07-20;1277;Pending
676;811;250;2009-03-01;1738;Shipped
959;624;597;2016-03-06;1466;Pending
623;721;454;1989-11-16;1021;Completed
568;527;965;2017-06-18;917;Declined
458;550;515;1970-02-18;558;Pending
381;114;771;1989-04-27;230;Refunded
413;495;145;1989-03-22;1960;Awaiting Payment
490;865;834;1978-09-24;1270;Awaiting Shipment
441;889;726;2005-04-30;3;Completed
861;703;6;2003-12-13;1655;Completed
903;92;261;2009-05-04;1108;Cancelled
193;696;468;2021-06-28;1124;Awaiting Payment
175;422;434;2020-09-03;1174;Awaiting Pickup
836;721;273;1978-05-29;216;Awaiting Fulfillment
637;824;744;2021-05-31;1853;Completed
486;375;760;1971-03-31;761;Completed
71;358;776;2022-01-22;936;Refunded
529;39;260;2008-11-12;968;Declined
69;446;691;1995-01-14;763;Shipped
22;72;175;2010-07-01;1710;Completed
469;592;960;2004-06-08;931;Shipped
612;552;424;2009-04-02;1151;Cancelled
345;755;356;2020-12-03;1158;Declined
230;625;730;2018-09-22;533;Cancelled
599;100;166;2021-12-21;1161;Shipped
927;75;171;1984-02-06;312;Awaiting Payment
936;72;855;1986-12-14;1802;Awaiting Fulfillment
40;486;699;2020-05-25;119;Pending
615;978;433;2021-02-28;1706;Refunded
118;264;944;1974-11-17;993;Awaiting Shipment
980;246;132;2018-05-11;1310;Completed
76;79;505;2010-07-12;1648;Awaiting Shipment
741;74;784;1992-05-04;984;Cancelled
404;668;511;1976-10-15;89;Refunded
392;368;226;2014-07-31;1034;Pending
807;116;310;2012-08-03;1700;Declined
953;967;568;2018-01-23;1992;Declined
253;527;904;2015-04-03;647;Refunded
437;15;761;1980-11-20;529;Shipped
468;693;830;2003-02-24;1850;Declined
99;218;836;1986-07-17;189;Awaiting Fulfillment
356;180;442;1973-08-26;1661;Awaiting Payment
193;595;432;2019-03-28;125;Awaiting Shipment
62;412;254;2005-11-12;1722;Cancelled
186;909;748;2018-07-21;271;Shipped
524;821;314;2009-02-07;518;Pending
263;84;496;1979-05-09;541;Awaiting Pickup
371;327;804;2021-01-03;160;Shipped
281;432;848;1979-04-19;266;Completed
546;795;216;2022-06-01;1859;Awaiting Payment
803;143;869;2003-12-01;1594;Awaiting Fulfillment
475;360;808;2011-04-18;1856;Completed
857;651;553;2008-08-17;313;Shipped
864;56;628;1989-01-06;610;Cancelled
276;476;986;2022-12-15;475;Awaiting Fulfillment
720;966;748;1997-08-29;1127;Completed
34;218;951;2014-02-16;1545;Awaiting Payment
194;58;906;1983-06-21;264;Refunded
657;10;109;1973-12-18;1827;Cancelled
513;436;220;1988-04-20;1948;Awaiting Payment
356;906;170;1988-06-17;1864;Awaiting Pickup
227;66;88;1983-11-02;1623;Shipped
329;786;33;1984-10-15;818;Shipped
84;274;771;1977-05-21;1323;Awaiting Shipment
185;504;649;1970-01-11;1471;Completed
831;18;475;2010-04-18;1053;Cancelled
442;277;661;2014-07-24;1661;Awaiting Shipment
877;917;447;2007-04-20;1869;Awaiting Fulfillment
476;962;957;2004-11-27;771;Awaiting Payment
902;719;634;2002-01-09;1071;Shipped
602;964;539;1982-04-16;946;Completed
23;383;902;2008-08-15;540;Refunded
506;480;240;2004-05-21;1448;Shipped
77;917;682;1997-01-11;876;Completed
654;259;2;2008-07-20;1715;Awaiting Fulfillment
270;643;335;2005-01-30;282;Cancelled
667;422;996;1990-09-07;773;Shipped
584;212;33;2020-01-10;684;Pending
110;196;151;2004-01-16;1435;Refunded
719;591;305;1977-03-27;112;Pending
923;791;307;1998-11-24;1870;Completed
805;453;624;1971-01-07;1490;Awaiting Payment
10;826;621;1986-09-25;1808;Awaiting Fulfillment
129;129;322;1984-09-23;1678;Awaiting Payment
120;524;417;1979-07-06;1452;Awaiting Shipment
332;873;466;2017-04-15;1423;Awaiting Pickup
485;800;348;2000-11-05;1601;Awaiting Shipment
872;146;598;1971-08-29;517;Pending
992;668;451;1987-05-11;837;Shipped
765;758;248;2004-09-04;1179;Refunded
18;99;379;1985-04-12;971;Shipped
310;328;253;1970-05-26;669;Awaiting Shipment
109;598;584;1996-07-19;1931;Refunded
475;408;696;2014-02-23;484;Cancelled
929;675;929;2014-05-19;803;Cancelled
421;396;476;2000-02-18;1491;Cancelled
448;553;881;2022-04-03;2000;Refunded
720;137;406;2005-03-14;1311;Pending
518;600;93;1989-02-04;1181;Pending
419;892;173;2012-11-07;1462;Awaiting Payment
265;478;319;1975-01-31;1041;Refunded
53;725;990;1980-11-03;993;Refunded
232;478;691;2001-04-22;840;Awaiting Shipment
492;259;630;1970-04-19;1164;Awaiting Payment
410;933;923;2019-09-18;150;Awaiting Fulfillment
628;604;814;1971-04-06;33;Awaiting Fulfillment
656;441;325;1998-07-11;1226;Refunded
851;631;994;2005-01-13;896;Awaiting Pickup
120;903;603;1987-02-15;636;Awaiting Fulfillment
332;292;408;1985-11-28;1435;Awaiting Payment
268;638;418;2003-07-08;403;Declined
880;858;635;2023-11-02;1545;Declined
106;188;721;1996-11-05;1843;Refunded
870;841;49;1988-02-20;1547;Awaiting Fulfillment
813;216;897;1982-08-25;684;Awaiting Payment
336;354;310;2001-10-25;1654;Awaiting Pickup
583;570;406;1994-11-09;554;Awaiting Payment
92;698;190;2011-12-02;149;Pending
23;167;863;2002-07-30;115;Completed
207;218;88;2018-05-04;1321;Awaiting Fulfillment
529;967;549;1979-01-23;1669;Awaiting Fulfillment
442;280;272;1998-10-02;691;Awaiting Shipment
248;476;272;2013-09-06;1680;Awaiting Shipment
481;95;79;2021-01-16;894;Cancelled
263;516;627;1980-09-28;757;Shipped
731;618;245;2017-09-15;1970;Awaiting Fulfillment
562;574;192;2011-03-02;1867;Shipped
978;22;25;1997-05-13;1644;Awaiting Fulfillment
678;165;239;2003-04-24;274;Awaiting Fulfillment
231;188;306;1984-08-10;739;Awaiting Shipment
7;623;172;1998-08-14;156;Awaiting Fulfillment
957;380;85;1990-12-22;1769;Awaiting Payment
488;417;676;1975-04-23;1854;Pending
462;833;37;1986-02-23;1230;Awaiting Shipment
46;374;635;2005-10-14;1432;Awaiting Fulfillment
794;305;999;2013-06-06;1580;Declined
108;435;991;2013-09-22;1919;Shipped
904;845;89;1993-01-05;1790;Shipped
670;440;437;2002-09-25;1884;Pending
502;373;600;1999-02-03;238;Completed
475;447;191;2006-09-18;362;Awaiting Payment
273;480;167;1982-10-14;1950;Completed
144;235;607;2011-01-12;897;Pending
180;545;691;1994-03-16;237;Awaiting Payment
446;237;635;1991-07-28;786;Shipped
835;277;1000;1976-12-14;865;Awaiting Payment
116;862;841;1987-09-15;1907;Completed
180;20;88;1970-07-17;760;Awaiting Fulfillment
701;224;645;1986-04-11;77;Awaiting Shipment
928;767;267;1972-04-10;880;Awaiting Payment
546;592;732;1998-04-11;1645;Completed
12;24;186;2015-01-22;1805;Pending
639;397;651;1999-08-29;1842;Completed
74;600;732;1981-08-18;965;Completed
983;109;663;1986-01-14;1783;Pending
102;801;593;1970-12-16;14;Completed
466;410;333;1991-07-10;193;Cancelled
194;87;439;2011-11-04;1661;Declined
908;758;194;1993-04-10;21;Awaiting Payment
597;919;250;1990-12-19;777;Awaiting Shipment
217;383;998;1977-07-22;853;Awaiting Pickup
265;132;979;1996-01-12;1353;Declined
78;732;886;2015-11-18;1080;Declined
12;368;242;1979-06-27;738;Awaiting Shipment
900;755;770;2002-12-22;1654;Awaiting Shipment
393;444;899;2010-03-07;1796;Pending
156;123;39;1996-07-11;1602;Awaiting Payment
184;932;9;2001-01-02;878;Awaiting Fulfillment
907;375;680;2018-09-11;477;Declined
420;680;828;2014-04-26;570;Pending
223;182;680;1973-12-12;1016;Awaiting Fulfillment
991;200;267;1985-08-03;828;Awaiting Pickup
963;34;523;1993-09-23;1627;Shipped
763;375;485;2023-01-29;535;Awaiting Pickup
690;208;834;2012-12-18;1875;Completed
733;820;874;2020-08-02;880;Shipped
635;701;198;1989-04-19;1580;Declined
842;922;598;2004-05-16;154;Cancelled
679;114;903;1996-08-29;1298;Cancelled
682;133;50;1985-02-03;1318;Declined
578;467;640;1990-04-07;1904;Refunded
769;851;124;2021-01-01;246;Awaiting Pickup
534;466;201;1997-11-05;1964;Awaiting Shipment
823;320;314;1994-04-03;1522;Awaiting Payment
389;768;18;1971-01-21;556;Refunded
319;127;818;1988-04-20;85;Awaiting Payment
987;167;64;1983-03-27;420;Declined
188;203;711;1991-12-06;1034;Cancelled
402;885;557;1994-09-27;819;Awaiting Shipment
120;782;168;2013-07-11;832;Cancelled
517;77;632;1974-12-21;1854;Awaiting Payment
203;239;862;1974-09-02;660;Pending
582;236;946;2022-04-27;868;Declined
594;174;442;1982-09-03;381;Awaiting Fulfillment
224;460;969;2015-11-30;1572;Refunded
622;723;801;1977-10-23;812;Cancelled
98;278;784;1979-11-17;350;Awaiting Fulfillment
570;94;908;2016-01-01;1890;Pending
187;733;176;2014-02-27;857;Refunded
734;580;593;1979-02-20;1257;Pending
94;254;891;1970-06-22;1769;Awaiting Payment
350;950;153;2004-05-08;1253;Awaiting Pickup
897;873;403;2019-07-28;1287;Declined
600;475;849;1996-03-26;107;Awaiting Shipment
470;777;906;1971-06-15;79;Awaiting Fulfillment
550;730;591;2022-12-19;956;Refunded
823;213;339;1979-02-04;1038;Awaiting Pickup
543;994;163;2003-10-28;370;Pending
354;682;110;2013-03-04;1876;Refunded
497;676;803;2003-05-13;1759;Refunded
404;688;845;1975-06-29;1153;Shipped
864;520;188;1975-08-15;1398;Completed
370;400;345;2006-03-18;1787;Completed
313;934;749;1989-12-29;42;Awaiting Payment
996;721;819;2002-04-30;668;Refunded
884;921;127;2000-04-20;886;Completed
989;986;21;2003-04-26;1024;Cancelled
368;784;319;1977-02-06;382;Completed
480;485;162;2010-01-30;1175;Pending
322;908;197;1994-01-09;1599;Shipped
558;968;500;2004-12-12;1173;Awaiting Shipment
181;604;201;2017-05-28;1477;Shipped
256;24;851;2014-08-01;88;Shipped
996;302;347;2022-01-24;1528;Awaiting Pickup
200;979;114;1995-01-02;93;Awaiting Fulfillment
885;4;296;1991-07-08;128;Pending
199;704;185;1978-06-17;665;Awaiting Payment
173;293;965;1975-03-02;1616;Declined
587;596;40;2019-10-06;979;Completed
680;132;66;2011-12-17;711;Pending
440;579;185;1996-11-14;255;Refunded
409;272;966;2013-11-09;1373;Awaiting Payment
526;288;507;2009-12-24;1020;Shipped
471;846;332;2019-09-24;529;Awaiting Shipment
45;265;159;2023-04-23;660;Awaiting Pickup
484;549;854;1988-09-04;1680;Shipped
756;706;298;1994-07-06;1789;Awaiting Shipment
992;343;785;1970-06-13;916;Cancelled
255;501;642;2014-05-17;859;Awaiting Payment
780;846;793;1994-11-25;427;Pending
528;877;179;2012-08-17;748;Refunded
980;436;28;1972-01-10;1821;Awaiting Shipment
611;658;816;1984-03-26;924;Cancelled
650;395;151;2006-10-23;1374;Pending
488;636;627;1988-07-23;418;Shipped
488;310;448;1993-01-08;1712;Cancelled
297;160;367;2009-05-17;1376;Awaiting Shipment
990;285;183;1978-12-07;1324;Awaiting Shipment
736;304;97;1996-07-31;1046;Cancelled
829;539;795;2015-11-02;963;Refunded
593;56;908;1988-12-03;356;Shipped
358;571;952;2022-06-20;1551;Pending
275;60;147;1995-01-04;1088;Awaiting Shipment
804;102;579;2013-04-14;235;Cancelled
149;409;817;1986-04-19;1368;Awaiting Payment
253;250;315;1992-06-20;719;Awaiting Pickup
510;617;395;1971-05-28;1438;Shipped
356;349;342;2020-10-21;956;Cancelled
967;534;403;2017-08-01;898;Awaiting Pickup
326;299;798;2006-02-26;1252;Pending
990;159;37;1992-11-09;234;Completed
217;909;1;2006-01-31;771;Shipped
592;389;647;2010-09-10;1724;Awaiting Payment
268;19;490;2021-10-07;1424;Cancelled
740;377;967;2014-09-22;901;Completed
507;962;863;2000-08-17;357;Cancelled
306;939;661;2016-12-17;886;Declined
739;261;840;1971-02-25;921;Shipped
253;242;306;1988-11-30;1591;Refunded
327;469;133;2005-07-15;1850;Completed
569;715;598;2021-12-03;880;Cancelled
828;242;526;1981-12-05;667;Declined
331;285;887;1982-04-14;1289;Shipped
135;152;550;2009-01-12;147;Awaiting Fulfillment
923;946;722;1974-02-21;386;Refunded
980;504;424;2001-03-21;1102;Refunded
924;168;420;1973-02-06;187;Cancelled
904;366;185;1996-03-19;837;Cancelled
656;613;89;2017-03-09;1350;Pending
991;579;454;1973-06-30;628;Refunded
525;113;823;1993-06-16;1786;Awaiting Shipment
449;341;851;1980-04-24;410;Awaiting Payment
311;656;894;2002-11-30;1784;Shipped
767;560;559;1985-08-01;349;Awaiting Pickup
51;500;518;1977-05-21;1240;Shipped
215;173;350;2021-06-29;1455;Awaiting Payment
313;665;817;2005-12-15;1604;Refunded
480;878;898;1976-01-31;744;Awaiting Shipment
754;944;233;1995-05-14;478;Shipped
209;745;751;1983-05-04;959;Cancelled
882;666;873;1999-05-19;1582;Refunded
487;580;35;2023-02-01;1584;Awaiting Shipment
483;706;721;2022-08-04;976;Declined
30;314;587;1991-05-09;1131;Declined
696;104;511;2018-12-08;7;Cancelled
623;403;52;1979-06-28;212;Awaiting Payment
437;262;18;1984-02-08;1333;Awaiting Pickup
441;993;945;2000-09-06;1751;Awaiting Fulfillment
36;151;305;1972-09-17;1347;Awaiting Fulfillment
508;720;945;1988-10-12;286;Cancelled
25;183;562;1973-07-17;1128;Declined
592;237;332;1979-06-27;1894;Declined
462;500;755;1970-12-14;1740;Shipped
307;62;128;2012-07-08;1399;Awaiting Shipment
483;801;366;2011-10-30;1280;Shipped
385;275;821;2002-06-08;209;Declined
633;250;375;1996-03-13;627;Cancelled
389;326;595;2019-04-15;1283;Cancelled
697;713;369;1994-03-19;758;Awaiting Fulfillment
957;629;233;2006-08-10;1249;Awaiting Fulfillment
165;795;547;1974-10-11;582;Completed
811;13;132;1984-10-05;579;Awaiting Pickup
821;983;225;2007-08-22;607;Awaiting Pickup
537;991;543;1997-08-31;1358;Pending
319;140;382;2005-01-26;1301;Awaiting Fulfillment
550;52;996;2018-10-31;1187;Cancelled
803;648;846;1984-11-14;698;Pending
189;474;695;2007-07-22;266;Refunded
58;762;150;2014-03-14;1314;Awaiting Pickup
379;34;511;2011-05-08;1747;Pending
797;272;35;2023-09-09;1904;Declined
206;284;505;1996-04-02;225;Awaiting Payment
249;61;294;2008-02-29;346;Declined
778;906;124;2017-09-13;1257;Awaiting Payment
178;322;538;1984-02-06;29;Declined
235;879;745;2012-09-02;342;Declined
820;742;538;1994-06-24;554;Awaiting Fulfillment
83;731;108;1973-02-17;102;Cancelled
656;470;209;1976-11-04;795;Completed
419;259;48;1986-08-16;1500;Cancelled
372;850;789;1977-08-19;1561;Awaiting Fulfillment
986;723;641;2020-12-02;96;Refunded
40;538;650;1991-11-12;1790;Shipped
673;464;793;1980-07-04;979;Awaiting Pickup
901;799;913;1990-12-05;530;Cancelled
202;133;161;1999-12-28;9;Awaiting Payment
523;625;393;2011-05-30;1716;Awaiting Shipment
283;347;481;2002-10-08;1881;Refunded
779;655;160;1974-09-25;252;Completed
259;574;159;1981-02-16;1620;Cancelled
352;134;512;2003-05-20;1866;Awaiting Payment
299;65;110;2011-12-25;904;Awaiting Pickup
176;743;38;1977-05-20;655;Awaiting Pickup
645;856;654;1977-01-19;1609;Refunded
432;454;700;1976-11-14;373;Cancelled
777;186;764;2009-06-13;835;Awaiting Shipment
91;779;614;1988-11-19;95;Declined
653;9;145;2016-06-20;91;Declined
560;181;820;1983-12-18;1437;Awaiting Shipment
680;159;743;1983-01-02;1163;Pending
67;455;398;1988-01-14;982;Refunded
106;157;727;1990-01-07;19;Pending
848;872;786;2023-03-03;1858;Completed
506;342;233;1989-04-05;1865;Awaiting Pickup
915;669;574;2018-07-07;1135;Declined
216;311;742;1994-06-26;387;Awaiting Pickup
1;461;799;2000-04-07;146;Refunded
107;786;803;2007-10-21;1846;Completed
949;129;395;2011-06-13;50;Awaiting Fulfillment
168;291;364;2011-08-05;1003;Pending
396;113;514;1977-08-30;511;Shipped
115;946;548;1996-03-21;933;Refunded
237;689;310;1994-01-26;1819;Completed
694;728;602;1973-11-06;1925;Shipped
584;587;748;2005-02-16;118;Awaiting Payment
327;407;898;2009-01-07;1547;Awaiting Fulfillment
901;287;905;1970-09-21;1704;Awaiting Payment
241;107;106;1987-09-20;889;Completed
816;693;203;1971-12-31;1457;Declined
241;747;727;1998-09-17;1303;Pending
413;138;268;1999-12-15;1388;Shipped
692;411;779;1988-12-14;690;Awaiting Pickup
414;321;653;1990-10-25;1545;Pending
621;418;875;2001-06-09;1180;Refunded
456;720;787;1984-05-16;853;Awaiting Fulfillment
324;111;570;2009-06-19;522;Cancelled
235;996;990;1982-10-17;661;Awaiting Pickup
592;479;995;1983-01-05;1543;Awaiting Fulfillment
332;338;588;2008-07-08;1561;Awaiting Shipment
512;430;690;2020-03-30;440;Awaiting Shipment
899;629;27;1977-04-10;98;Declined
593;424;667;2022-11-19;350;Awaiting Shipment
50;135;593;1987-10-24;135;Awaiting Fulfillment
601;441;934;2003-12-20;1746;Pending
577;710;317;1970-04-21;1541;Pending
609;291;819;1994-08-03;1890;Pending
898;860;689;1997-01-22;1655;Awaiting Pickup
718;385;345;2017-05-01;1323;Awaiting Fulfillment
616;810;696;1971-09-05;1492;Declined
121;332;17;1975-06-22;937;Awaiting Pickup
717;171;854;1975-06-25;567;Cancelled
194;344;708;2012-04-20;414;Pending
303;724;578;1989-03-20;1772;Awaiting Pickup
566;448;602;1998-12-03;223;Completed
608;519;897;1976-09-28;1109;Awaiting Shipment
357;591;649;2019-03-04;1684;Awaiting Shipment
33;620;682;2000-09-26;1277;Completed
356;594;838;1991-10-19;605;Completed
324;358;185;2017-11-29;1394;Awaiting Payment
822;295;971;1977-01-01;521;Awaiting Fulfillment
10;712;971;2012-04-05;1964;Completed
919;794;931;1988-02-20;174;Refunded
566;758;24;2020-08-25;422;Pending
305;624;858;1989-08-10;1570;Awaiting Shipment
552;810;414;1992-07-25;1751;Declined
933;264;835;2006-01-11;339;Completed
566;402;142;2009-02-14;104;Completed
509;227;103;1992-08-05;1231;Awaiting Shipment
808;658;104;2019-03-31;998;Awaiting Shipment
203;865;116;1981-04-03;873;Refunded
674;727;215;2008-07-21;1750;Completed
950;667;650;1972-07-21;876;Awaiting Fulfillment
598;511;883;2018-12-10;354;Awaiting Shipment
875;781;292;2004-12-31;1623;Awaiting Fulfillment
576;223;78;1991-07-20;209;Awaiting Fulfillment
945;571;981;1977-08-11;1544;Awaiting Pickup
399;845;588;2021-02-01;236;Shipped
120;640;32;1998-10-29;1092;Completed
368;273;847;1971-07-24;1769;Refunded
733;910;596;1988-09-01;601;Completed
976;140;468;1992-05-10;1925;Completed
13;511;123;1984-07-16;1289;Completed
751;476;900;1988-01-05;1140;Completed
618;317;205;1996-04-09;27;Awaiting Fulfillment
688;448;145;1987-05-16;1718;Declined
659;422;391;2009-02-20;721;Refunded
233;665;396;1983-04-12;1194;Declined
642;438;688;2012-07-10;1869;Awaiting Fulfillment
978;759;143;1988-01-07;683;Awaiting Payment
746;209;273;1979-02-12;191;Awaiting Shipment
484;611;3;1976-08-16;1344;Awaiting Fulfillment
294;305;88;2006-10-22;380;Refunded
68;305;401;1994-12-11;1690;Awaiting Payment
443;35;836;2018-12-14;1122;Pending
834;198;619;1977-03-23;370;Declined
298;641;43;2011-06-04;718;Shipped
44;146;153;2005-12-12;459;Completed
750;225;402;1972-02-21;157;Refunded
96;971;665;1973-01-14;456;Pending
86;555;659;2022-12-05;745;Awaiting Payment
167;541;370;1973-07-12;229;Shipped
225;455;83;1977-09-11;876;Awaiting Shipment
86;822;34;2023-07-18;1279;Pending
147;727;215;2007-01-03;570;Refunded
386;421;754;2011-02-16;1792;Declined
259;884;362;2015-01-15;891;Refunded
704;818;720;1972-07-28;884;Awaiting Shipment
317;836;487;2019-11-12;157;Shipped
497;405;15;1979-01-08;451;Awaiting Shipment
873;91;901;1987-05-18;552;Completed
606;572;709;2007-09-15;536;Pending
285;374;271;1985-04-18;726;Pending
574;988;104;1988-12-03;1492;Refunded
396;499;912;2005-01-12;1062;Completed
366;345;929;1989-01-07;1469;Awaiting Pickup
577;980;722;2013-07-14;796;Shipped
318;86;627;2022-06-07;655;Cancelled
278;850;1000;1982-06-07;976;Awaiting Fulfillment
741;965;788;1979-08-31;820;Awaiting Fulfillment
197;890;326;1972-07-24;746;Shipped
245;211;835;2021-04-19;803;Refunded
764;866;53;1983-03-05;435;Pending
329;42;391;1977-07-30;730;Awaiting Fulfillment
621;291;33;2019-01-08;729;Awaiting Shipment
337;473;740;2018-12-03;1136;Refunded
135;384;902;2016-09-18;1115;Awaiting Payment
347;992;246;2000-04-01;1556;Shipped
949;859;231;2000-01-13;318;Completed
777;49;47;2008-08-08;522;Shipped
618;808;125;1986-01-23;201;Declined
142;983;254;1986-02-12;636;Pending
838;731;912;1998-07-14;1808;Cancelled
284;428;949;2020-11-18;866;Declined
622;132;531;1982-03-10;133;Awaiting Payment
702;810;307;1989-09-27;1791;Awaiting Fulfillment
970;121;998;1984-09-05;300;Pending
841;152;288;2009-03-27;493;Cancelled
316;479;856;2020-07-07;1041;Completed
58;902;184;1982-09-12;230;Awaiting Shipment
439;440;775;2016-09-17;1593;Cancelled
987;527;582;1984-03-15;836;Awaiting Payment
50;618;838;1985-04-12;1466;Awaiting Shipment
166;229;969;2019-07-12;1974;Awaiting Shipment
621;888;732;2012-11-08;1916;Declined
113;631;310;2000-02-17;1268;Awaiting Pickup
414;738;270;1990-11-23;483;Cancelled
512;192;289;2000-06-24;1012;Awaiting Payment
946;663;786;1994-08-02;1170;Declined
531;371;527;2015-10-17;1802;Awaiting Fulfillment
367;746;927;2005-10-12;1670;Awaiting Payment
402;521;72;1979-04-29;756;Cancelled
937;384;737;1998-06-03;1333;Shipped
154;810;109;1993-08-25;1224;Completed
275;151;714;1979-08-31;512;Awaiting Shipment
751;297;816;2002-08-20;340;Declined
396;829;967;1973-08-24;263;Cancelled
846;586;608;1980-04-06;961;Refunded
115;925;157;1975-08-22;1058;Awaiting Fulfillment
174;252;375;2017-03-24;1723;Pending
162;425;867;1975-11-19;1029;Awaiting Fulfillment
512;104;200;2022-10-02;208;Cancelled
767;367;817;2002-08-15;1351;Completed
240;144;140;1975-04-09;1146;Awaiting Pickup
169;636;834;2014-08-18;43;Awaiting Pickup
191;609;962;1981-02-13;515;Completed
774;386;545;1994-06-23;771;Completed
903;275;149;1986-11-14;95;Awaiting Shipment
267;356;46;1973-02-14;1827;Cancelled
575;211;87;1979-05-05;562;Completed
679;865;452;2014-05-28;1577;Awaiting Pickup
519;890;768;1984-12-27;1838;Awaiting Payment
638;657;9;2003-03-21;1271;Awaiting Payment
401;439;383;1988-05-24;1343;Completed
673;62;757;2005-06-12;932;Awaiting Fulfillment
28;247;631;1998-07-11;1903;Refunded
216;385;318;2006-06-06;1238;Pending
848;5;967;2021-05-30;679;Awaiting Shipment
751;627;85;1979-11-24;1258;Awaiting Shipment
843;984;609;1981-10-21;131;Awaiting Fulfillment
164;516;804;2012-06-06;825;Awaiting Fulfillment
993;59;30;2004-10-19;702;Refunded
7;312;610;1995-01-11;16;Refunded
405;296;72;1982-05-27;1183;Pending
451;702;312;2016-12-10;834;Awaiting Pickup
294;347;848;2002-10-06;1846;Refunded
462;563;47;1971-03-31;983;Pending
653;700;789;1990-09-23;1724;Completed
766;450;805;1971-03-04;1840;Awaiting Shipment
605;843;232;1995-05-11;358;Awaiting Fulfillment
387;189;341;1984-05-16;1346;Shipped
448;638;941;1977-06-25;1649;Completed
650;255;669;1971-01-06;134;Completed
324;802;633;1987-10-10;1534;Declined
129;672;643;2013-09-22;839;Shipped
522;981;3;2015-11-04;693;Declined
302;693;189;1975-04-20;1589;Completed
725;692;550;1973-11-24;1757;Awaiting Pickup
649;64;206;2008-12-11;1318;Awaiting Fulfillment
985;841;752;1983-02-19;1621;Shipped
814;512;225;1997-05-30;509;Shipped
759;150;50;1974-02-14;1792;Awaiting Shipment
792;428;814;1972-04-01;1092;Awaiting Payment
410;194;3;1972-11-26;546;Declined
216;452;311;2004-11-18;1163;Cancelled
388;186;432;2015-02-01;766;Awaiting Fulfillment
182;952;657;2012-08-28;94;Shipped
357;798;658;2014-08-19;139;Awaiting Pickup
500;360;212;2004-04-22;1271;Awaiting Shipment
653;674;556;2016-01-23;1961;Refunded
913;24;829;2023-05-01;1306;Refunded
104;676;110;1980-12-20;1427;Awaiting Pickup
412;656;43;1988-12-30;536;Awaiting Fulfillment
456;593;517;1979-02-18;898;Shipped
346;153;11;1992-06-02;1021;Awaiting Pickup
507;404;847;1996-07-05;408;Shipped
389;176;934;2018-03-12;1341;Awaiting Shipment
250;332;9;1981-01-16;1252;Declined
943;428;406;1978-06-14;548;Completed
694;13;318;1987-12-16;1863;Awaiting Shipment
991;269;322;2014-08-05;1575;Awaiting Fulfillment
383;407;182;1988-04-29;1055;Awaiting Fulfillment
808;823;923;2021-10-22;1106;Awaiting Shipment
486;400;805;2023-11-01;698;Cancelled
913;310;327;2017-12-20;221;Awaiting Pickup
645;588;205;1982-01-26;985;Shipped
546;59;548;2017-02-14;1493;Completed
512;581;437;1996-05-09;979;Refunded
743;388;586;2016-08-29;580;Cancelled
248;795;509;2009-07-19;373;Cancelled
848;903;205;2021-10-20;1416;Completed
153;36;985;2005-10-13;1528;Completed
824;882;511;1974-01-15;1232;Pending
848;604;884;2012-05-30;549;Awaiting Pickup
883;683;527;2011-06-05;1279;Shipped
898;823;369;1995-07-25;1787;Cancelled
564;408;430;2005-09-24;859;Awaiting Pickup
466;705;36;2013-11-27;770;Shipped
651;609;795;1989-11-12;1568;Awaiting Fulfillment
955;268;506;2004-02-16;822;Completed
97;728;391;2000-10-23;617;Completed
927;556;282;1982-07-10;1372;Awaiting Payment
991;938;310;2018-09-30;255;Awaiting Shipment
124;950;905;1971-01-09;939;Awaiting Shipment
672;814;435;2016-09-01;1699;Refunded
262;635;157;1994-02-07;1461;Shipped
941;624;724;2003-03-14;676;Pending
596;136;750;2018-08-25;1059;Awaiting Pickup
455;556;366;1986-12-28;454;Awaiting Shipment
512;718;8;1998-12-02;1540;Awaiting Fulfillment
270;759;559;1992-10-29;452;Awaiting Pickup
708;695;368;1970-03-21;1164;Declined
628;426;860;2018-01-29;1651;Cancelled
306;320;320;2019-10-03;1455;Declined
816;142;883;2007-06-07;367;Declined
798;445;679;1977-02-14;70;Awaiting Payment
838;332;887;1978-11-09;225;Awaiting Shipment
381;446;633;1991-06-26;1978;Awaiting Pickup
346;917;392;1982-02-19;968;Awaiting Shipment
729;308;473;2017-01-27;805;Completed
816;190;964;2010-04-02;827;Awaiting Fulfillment
312;622;888;1991-01-10;1396;Awaiting Fulfillment
618;542;41;2008-02-05;191;Awaiting Fulfillment
531;119;847;2016-05-14;1596;Awaiting Payment
674;917;752;1981-07-17;1039;Cancelled
333;924;819;2002-04-22;1361;Cancelled
45;864;605;2018-01-29;304;Declined
113;612;47;2007-03-04;1745;Cancelled
146;218;800;1981-02-13;1535;Cancelled
554;490;492;2021-02-21;642;Completed
108;530;441;2002-05-28;228;Awaiting Pickup
522;476;914;2014-01-14;4;Awaiting Payment
868;669;768;1990-08-01;1744;Awaiting Fulfillment
547;789;748;2020-08-06;1496;Pending
915;408;237;1972-12-28;298;Refunded
546;997;431;2012-04-01;661;Shipped
903;123;87;1971-03-11;1619;Completed
412;439;498;2018-09-11;27;Shipped
663;254;642;1970-09-21;1684;Awaiting Shipment
468;246;938;2023-05-19;1872;Awaiting Fulfillment
922;490;13;1982-11-12;1998;Awaiting Payment
871;228;923;2015-09-05;157;Awaiting Pickup
882;562;790;2020-01-02;246;Awaiting Pickup
330;388;873;1996-09-25;796;Awaiting Pickup
880;875;245;2021-08-15;902;Awaiting Fulfillment
829;585;883;1978-07-15;1772;Shipped
150;44;58;2021-11-02;1531;Shipped
681;101;320;1975-07-03;1579;Shipped
60;760;951;1978-09-08;21;Declined
421;624;765;1987-05-12;331;Shipped
51;592;589;1998-06-15;941;Cancelled
237;185;975;1991-12-16;1970;Completed
348;325;568;1976-09-21;489;Awaiting Shipment
165;337;357;1997-07-13;329;Awaiting Pickup
682;37;685;1993-11-05;781;Shipped
551;216;377;1985-04-21;539;Awaiting Shipment
145;421;940;1997-08-16;1326;Awaiting Shipment
305;381;232;2020-10-29;832;Awaiting Pickup
359;112;612;1996-02-17;1475;Shipped
811;631;527;2010-05-26;1663;Declined
909;147;449;1986-09-22;1341;Awaiting Fulfillment
671;213;252;1993-07-24;1334;Completed
872;900;338;2021-06-19;1363;Awaiting Payment
798;278;701;1973-07-08;702;Pending
886;246;452;1973-01-23;903;Awaiting Shipment
245;609;546;2013-11-14;1452;Shipped
265;949;501;1983-12-20;1238;Pending
781;1;549;1995-07-06;1595;Awaiting Pickup
251;628;986;1996-11-01;1920;Completed
252;290;249;2020-01-26;103;Completed
433;998;571;1981-02-25;451;Awaiting Shipment
184;726;399;2017-10-09;102;Awaiting Payment
296;760;308;1987-11-23;1933;Cancelled
699;348;145;1988-11-06;1407;Refunded
675;895;688;2010-07-02;1349;Declined
703;707;794;2015-04-27;978;Awaiting Payment
373;189;231;2016-12-31;372;Refunded
67;582;714;2002-12-27;252;Pending
307;25;171;1975-11-03;1186;Declined
855;600;267;1987-01-01;123;Shipped
161;965;734;1982-03-19;1199;Declined
932;70;488;1996-01-15;1642;Awaiting Payment
822;464;404;2006-04-12;37;Awaiting Pickup
26;328;38;2017-06-16;1101;Awaiting Payment
972;46;577;2017-05-30;532;Declined
47;878;865;2023-09-20;610;Awaiting Fulfillment
284;575;519;2006-04-29;1295;Awaiting Fulfillment
923;997;614;1976-05-25;1788;Pending
613;532;488;1988-12-24;1856;Shipped
520;271;749;2011-03-02;1473;Pending
704;358;452;1986-12-25;1390;Declined
59;234;551;2006-08-30;1387;Awaiting Pickup
24;419;504;2005-01-02;1123;Cancelled
928;258;95;2010-05-12;1992;Awaiting Fulfillment
19;764;497;1989-01-24;1892;Cancelled
913;293;561;1975-08-05;1212;Awaiting Pickup
844;228;614;1991-07-17;927;Declined
55;32;67;1976-05-21;55;Declined
843;842;29;1987-03-18;1148;Cancelled
126;116;453;2006-11-19;1349;Awaiting Fulfillment
582;274;887;1993-07-21;1125;Completed
396;618;414;2021-01-14;232;Awaiting Fulfillment
515;866;444;1990-06-02;877;Pending
689;19;228;2000-09-10;225;Refunded
68;12;549;1975-07-21;1099;Awaiting Payment
242;753;124;1987-07-23;592;Shipped
52;45;253;1991-10-19;479;Declined
527;942;419;2010-03-11;908;Shipped
730;608;919;1993-11-19;1434;Awaiting Payment
756;91;740;2013-05-25;1022;Awaiting Shipment
816;620;915;1992-07-10;583;Cancelled
840;346;135;1975-04-06;28;Shipped
239;386;257;1970-11-21;574;Awaiting Payment
103;522;892;1984-11-05;1675;Awaiting Payment
710;563;405;1990-09-02;98;Declined
94;869;956;2005-01-11;1366;Awaiting Fulfillment
483;697;454;1974-09-14;1624;Completed
875;984;617;2015-01-17;1565;Refunded
346;30;184;1998-08-22;1698;Pending
934;170;744;2020-08-31;805;Refunded
263;738;539;2001-01-13;31;Refunded
930;100;223;2009-08-12;963;Awaiting Pickup
233;76;610;1983-02-14;931;Pending
298;71;78;1992-04-10;1017;Awaiting Pickup
461;350;514;1988-06-29;1291;Awaiting Shipment
540;37;449;2007-08-15;83;Shipped
883;168;3;1991-03-04;674;Awaiting Shipment
55;694;981;2014-01-11;151;Declined
383;514;445;2001-07-28;1619;Awaiting Fulfillment
674;725;438;1997-08-22;193;Shipped
502;312;768;2019-04-07;228;Awaiting Fulfillment
675;826;118;1998-05-15;1407;Refunded
830;949;403;1999-02-16;567;Pending
432;991;519;1972-12-05;557;Awaiting Pickup
20;885;503;2004-07-18;1910;Awaiting Fulfillment
104;380;834;2009-12-20;1083;Awaiting Fulfillment
831;584;805;2008-05-13;1926;Shipped
924;103;678;2022-04-27;687;Awaiting Shipment
316;222;480;2022-02-24;1282;Cancelled
491;785;292;1983-03-08;1796;Declined
274;335;451;1976-03-20;828;Awaiting Shipment
778;517;824;1994-12-28;11;Awaiting Fulfillment
342;506;116;1990-03-17;1381;Awaiting Fulfillment
453;416;452;2002-09-14;1808;Cancelled
903;955;755;1973-06-03;155;Declined
628;199;493;2019-12-03;1225;Refunded
918;102;215;1999-01-15;1251;Awaiting Shipment
303;340;35;1976-04-03;466;Refunded
935;53;5;1980-03-31;1566;Awaiting Shipment
506;367;715;1986-05-17;511;Pending
513;508;983;1973-11-14;611;Declined
465;586;158;1978-12-24;128;Awaiting Payment
830;685;963;2018-07-04;35;Cancelled
511;209;557;2023-10-15;276;Cancelled
226;5;541;2007-03-11;872;Cancelled
60;638;515;1996-05-19;681;Pending
947;596;455;2014-05-05;1022;Shipped
641;682;396;1975-04-25;116;Pending
718;346;202;2000-09-28;748;Pending
603;296;246;1976-10-18;1059;Awaiting Fulfillment
549;616;907;2006-03-08;1185;Cancelled
933;636;65;2000-09-20;367;Awaiting Fulfillment
841;546;566;1981-07-23;199;Refunded
421;742;846;2004-07-13;704;Shipped
5;766;940;2002-09-29;618;Cancelled
734;169;839;1970-02-18;1489;Awaiting Pickup
591;302;245;2003-07-01;1965;Awaiting Fulfillment
697;425;402;1971-04-14;1944;Awaiting Shipment
337;284;311;1970-04-26;909;Refunded
552;786;27;1997-12-19;1552;Awaiting Pickup
400;236;79;1980-07-09;265;Awaiting Fulfillment
873;569;997;1983-09-22;764;Completed
939;438;666;2012-05-17;183;Refunded
606;365;735;1978-12-27;1094;Awaiting Fulfillment
958;297;940;1971-01-30;1863;Shipped
538;1;633;1991-09-09;176;Declined
960;220;308;2000-08-04;547;Awaiting Pickup
290;174;268;1983-07-22;533;Awaiting Shipment
980;597;13;1982-08-13;399;Completed
23;346;406;1972-05-19;10;Pending
147;397;980;1995-06-19;577;Awaiting Pickup
760;602;518;1973-06-23;1499;Shipped
204;974;762;2013-01-11;910;Awaiting Payment
146;413;971;2010-04-21;296;Refunded
396;768;238;1988-01-24;1329;Declined
556;99;416;2012-08-10;551;Declined
351;513;548;1990-04-03;1941;Awaiting Shipment
484;97;178;2013-06-14;1885;Awaiting Pickup
103;455;458;2012-09-12;1378;Refunded
50;139;526;1988-11-09;824;Completed
953;33;397;1986-01-22;502;Awaiting Payment
385;749;771;1990-08-01;648;Awaiting Payment
817;87;570;1971-11-09;1318;Awaiting Fulfillment
505;504;552;1992-04-12;851;Completed
73;603;756;1991-08-31;1910;Awaiting Fulfillment
76;251;327;2002-08-01;595;Pending
623;416;114;2009-02-24;877;Declined
355;703;618;1996-07-17;1031;Awaiting Shipment
535;292;2;1975-11-05;890;Refunded
72;301;489;2007-01-29;1217;Cancelled
164;461;958;2003-03-01;531;Completed
144;245;243;2020-03-25;1817;Completed
859;922;976;1972-11-14;930;Awaiting Fulfillment
694;48;833;2016-01-31;1767;Awaiting Pickup
688;819;255;1983-04-05;299;Completed
724;988;130;1978-02-14;426;Declined
900;55;472;2003-02-13;1179;Awaiting Fulfillment
730;632;56;1991-02-05;1810;Pending
424;594;630;2013-09-24;1566;Awaiting Fulfillment
944;933;969;1976-07-30;830;Pending
421;463;34;1981-05-31;1711;Awaiting Shipment
594;365;15;1977-09-30;1882;Cancelled
472;196;480;1974-11-07;115;Shipped
592;14;395;2017-05-06;1061;Awaiting Shipment
280;867;762;2000-07-26;1876;Awaiting Payment
850;433;954;1999-11-23;172;Declined
549;80;698;2000-07-13;1595;Completed
188;65;908;1991-12-20;1134;Refunded
957;631;681;2019-09-28;1532;Shipped
222;879;178;1976-07-15;1314;Declined
189;191;454;2008-03-19;1225;Awaiting Payment
948;427;986;1995-07-08;720;Refunded
69;307;26;1978-02-25;948;Awaiting Pickup
999;865;936;2000-03-21;1526;Awaiting Shipment
781;592;259;1975-12-27;221;Pending
899;879;285;1986-01-20;1807;Awaiting Shipment
942;259;95;2003-02-22;1804;Declined
221;658;715;1982-01-23;1745;Cancelled
968;988;973;1972-07-07;1769;Awaiting Fulfillment
632;852;527;2020-01-26;266;Shipped
416;353;931;1974-11-21;1912;Awaiting Payment
57;301;195;1992-05-15;1030;Refunded
194;217;776;2014-10-26;173;Completed
957;133;436;2019-10-13;624;Completed
280;441;326;1988-11-09;88;Shipped
595;587;706;2015-05-11;1481;Declined
159;593;774;1980-09-25;542;Pending
354;733;981;1980-11-21;366;Awaiting Payment
865;657;916;1999-07-08;1108;Awaiting Pickup
713;506;506;2000-06-03;1964;Awaiting Payment
705;313;313;1977-05-23;1458;Pending
147;981;757;2007-10-17;945;Pending
207;74;521;1987-11-20;256;Cancelled
204;631;349;2008-08-12;248;Cancelled
768;692;849;1985-02-12;683;Declined
208;128;453;1976-09-04;853;Pending
613;640;661;1981-04-25;1076;Cancelled
832;267;645;1970-08-06;844;Awaiting Payment
95;533;374;2023-05-06;1590;Refunded
656;104;346;2010-12-27;867;Cancelled
360;563;22;2010-08-18;1527;Awaiting Fulfillment
212;302;83;1987-06-04;1521;Awaiting Payment
273;106;379;1995-02-13;1459;Awaiting Payment
977;57;682;2001-02-20;1950;Pending
843;552;904;2016-09-27;1241;Awaiting Payment
156;654;673;1994-05-10;337;Shipped
57;374;676;1992-02-06;787;Cancelled
